link,views,votes,answers
/questions/57546731/laravel-mix-browsersync-not-loading-at-localhost3000,13k views,3,0
/questions/70951887/how-to-use-getclosest-in-a-list-in-python,17 views,0,1
/questions/70921393/error-restarting-service-failed-to-try-restart-nscd-service-unit-nscd-service,57 views,-1,1
/questions/70588870/is-there-an-equivalent-to-quokkajs-for-emacs,19 views,1,1
/questions/15306916/dynamically-create-collection-with-mongoose,27k views,26,0
/questions/70950558/what-is-wrong-with-this-function-that-is-supposed-to-find-the-multiplicative-per,39 views,-2,1
/questions/66599378/chart-js-click-event-on-x-axis-labels,40 views,0,0
/questions/70951720/robocopy-use-the-monitor-function-for-extra-actions,13 views,0,1
/questions/70951185/image-doesnt-display-in-page-while-uploading-to-mongodb,19 views,0,1
/questions/70952080/rabbitmq-client-update-caused-too-many-channels,4 views,0,0
/questions/70951440/report-portal-io-container-reportportal-db-script-1-image-migrations5-6-0-exi,6 views,0,0
/questions/70952015/react-router-dom-go-back-and-keep-state,15 views,0,0
/questions/70941581/repeated-error-while-running-face-recognition-vs-code,18 views,-1,1
/questions/68782781/react-router-v6-history-listen,2k views,4,3
/questions/70952076/how-to-route-from-one-api-to-other-fastapi,10 views,0,0
/questions/35052792/react-native-socket-io-how-to-connect-to-local-node-server-from-device,1k views,8,0
/questions/70937877/signal-for-custom-user-registration-in-django,29 views,1,0
/questions/4905393/scala-inputstream-to-arraybyte,37k views,44,0
/questions/70952073/how-to-transfer-pandas-dataframe-from-djangobackend-to-tkinterfrontend,10 views,0,0
/questions/70952072/how-to-disable-remote-ssh-and-local-download-in-vsc,7 views,0,0
/questions/64809716/could-not-load-file-or-assembly-microsoft-extensions-configuration-abstractions,21k views,27,8
/questions/70951954/how-to-change-the-color-of-an-input-made-by-a-user-in-python,21 views,0,2
/questions/70952070/get-weight-from-gatt-characteristics-value-in-react-native-ble-plx,8 views,0,0
/questions/70951958/how-to-send-push-notifications-in-both-android-and-iphone-flutter,15 views,0,1
/questions/48341235/force-number-input-to-have-two-decimal-places-and-always-show-two-decimals-in-re,8k views,1,3
/questions/70949148/display-gameobject-added-to-a-script-in-unity3d,16 views,0,1
/questions/70925787/reactive-messaging-classcastexception-cannot-be-cast-to-class-io-smallrye-muti,15 views,0,1
/questions/67570614/using-g-google-drive-for-desktop-for-node-js-projects-npm-install-errors,356 views,2,1
/questions/70951690/temporary-variable-changing-main-variable,27 views,0,2
/questions/33301880/how-to-obtain-current-instance-id-from-boto3,17k views,19,0
/questions/70952061/why-this-is-show-i-define-the-function-but-it-always-show-this-error,20 views,-5,0
/questions/28509398/handle-exception-in-pyserial-during-disconnection,19k views,9,0
/questions/70952059/asp-net-core-mvc-identity-custom-policy-problem-with-custom-authorization-p,16 views,0,0
/questions/56413290/getting-curl-92-http-2-stream-1-was-not-closed-cleanly-internal-error-err,29k views,10,4
/questions/70944044/check-existence-of-multiple-ids-with-spring-data-jpa,29 views,0,0
/questions/70949180/best-way-to-convert-a-observablemaybet-to-observablet,22 views,0,0
/questions/63348547/setstate-or-markneedsbuild-called-during-build-with-navigation-in-inkwell,71 views,0,3
/questions/70952054/how-can-i-reduce-recomposition-in-android-studio,11 views,0,0
/questions/36297815/how-to-setup-workers-for-parallel-processing-in-r-using-snowfall-and-multiple-wi,2k views,100,1
/questions/18137682/using-nsis-to-package-application-installer-and-wav-file-does-not-play-because,144 views,1,0
/questions/70951809/pyagrum-printing-and-plotting,11 views,0,0
/questions/70928420/how-to-validate-version-to-accept-4-4-but-not-4-4-0,22 views,0,0
/questions/70938683/caret-cross-validation-following-stepwise-selection-question-on-mechanism,14 views,0,1
/questions/70947132/php-form-insertcell-add-mysql-column,18 views,0,1
/questions/58891872/how-to-get-a-username-to-show-on-serializer-django-rest-framework,2k views,0,0
/questions/68347350/angular-bootstrap-navbar-with-dropdowns-routing,77 views,0,0
/questions/61481079/how-can-i-join-all-the-futures-in-a-vector-without-cancelling-on-failure-like-jo,3k views,6,0
/questions/70951601/android-using-colors-from-colors-xmlcolor-black-vs-inline-colors000000-in,15 views,0,1
/questions/70952046/can-someone-take-a-look-at-my-code-im-getting-an-error,26 views,0,0
/questions/70952045/react-native-unable-to-find-valid-certification-path-to-requested-target,10 views,0,0
/questions/63076971/pyinstaller-auto-py-to-exe-error-project-output-will-not-be-moved-to-output-f,2k views,0,1
/questions/70949254/get-driveid-of-my-personal-google-drive-my-drive,24 views,0,2
/questions/70947253/grpc-protofile-service-contract,8 views,0,1
/questions/70949201/how-to-mouseover-multiple-elements-in-one-function,25 views,-3,2
/questions/70949438/r-sum-a-set-number-of-rows-from-same-column-in-a-different-data-frame,15 views,1,0
/questions/67930573/after-making-a-exe-file-using-auto-py-to-exe-it-didnt-run,44 views,-2,1
/questions/32903696/issue-with-executing-procedure-in-spring-boot-schema-sql-file,5k views,8,4
/questions/33451935/cannot-reliably-process-persist-call-why-does-this-happen,1k views,1,0
/questions/70949511/python-netmiko-multithreading,24 views,0,0
/questions/70949510/snakemake-and-conda-environments,7 views,0,0
/questions/68549641/module-django-core-mail-backends-console-does-not-define-a-emailbacked-attri,26 views,0,1
/questions/70944962/font-awesome-showing-random-symbols-locally,32 views,0,1
/questions/49623774/how-to-set-default-value-for-primeng-p-dropdown,84k views,20,13
/questions/12888674/how-does-php-compare-strings-with-comparison-operators,11k views,15,0
/questions/70936003/how-do-you-display-a-character-with-ncurses-in-rust,53 views,0,2
/questions/70857331/having-problems-calling-an-api-id,46 views,1,2
/questions/70949503/communicating-with-google-home-and-google-assistant-with-the-application-we-deve,13 views,0,0
/questions/70949501/how-can-i-find-the-list-of-all-available-nearby-devices-even-if-they-dont-have,16 views,0,0
/questions/70933293/how-to-test-link-using-react-testing-library-and-jest,30 views,0,1
/questions/70949385/usestate-variable-not-holding-its-state-during-onchange-event,34 views,0,0
/questions/70949498/intellij-idea-breakpoints-do-not-hit-in-anonymous-inner-class,20 views,1,0
/questions/70948411/string-encode-memory-utilisation,31 views,-2,1
/questions/63429948/how-to-improve-code-for-scraping-reddit-using-python,90 views,0,1
/questions/70949277/watch-for-file-creation-pick-the-file-name-add-it-after-script-and-run,13 views,0,1
/questions/70949486/why-does-this-give-me-a-str-is-not-callable-error-when-im-trying-to-print-somet,28 views,-3,0
/questions/70949197/production-not-the-same-as-local,38 views,1,0
/questions/26591075/woocommerce-shipping-methods-not-working-for-logged-in-users,13k views,2,2
/questions/12281413/lock-folder-using-command-prompt,7k views,1,1
/questions/5517176/jquery-ajax-call-returning-with-a-301-moved-permanently-error-in-wordpress,7k views,2,1
/questions/797311/getting-visual-studio-to-ignore-source-control-bindings-in-a-solution,7k views,5,2
/questions/70949490/undefined-symbol-objc-class-in-flutter,18 views,0,0
/questions/70910889/poor-selfie-segmentation-with-google-ml-kit,34 views,0,1
/questions/70949488/mongodb-empty-collections-after-ec2-crash,10 views,1,0
/questions/70949487/leverage-sql-server-2016-row-level-security-for-power-bi-desktop-published-repor,16 views,0,0
/questions/70949485/react-improve-performance-of-transfer-list-for-many-items,12 views,0,0
/questions/70949483/plpgsql-trigger-shows-value-as-exists-when-is-not,6 views,0,0
/questions/60101168/pytorch-runtimeerror-dataloader-worker-pids-15332-exited-unexpectedly,23k views,9,0
/questions/70949481/how-can-i-determine-the-optimal-number-of-worker-and-executor-cores-on-a-node-56,5 views,0,0
/questions/70947701/open-another-process-in-another-window,25 views,0,0
/questions/70949338/pandas-work-with-multiple-excel-files-and-create-enter-in-one-sheet,17 views,-3,0
/questions/70949478/interview-problem-move-array-element-from-one-component-to-another,18 views,-3,0
/questions/51930339/how-do-i-correctly-add-type-hints-to-mixin-classes,7k views,27,0
/questions/70947432/cuda-version-error-on-deepstream-container-cuda-driver-version-is-insufficient,21 views,-1,0
/questions/70949474/descargar-archivo-que-tiene-key-en-los-headers-con-node-js,9 views,-1,0
/questions/35911065/spring-and-mysql-stored-procedure,1k views,2,2
/questions/70948035/trying-to-connect-to-azure-cosmos-db-from-golang-application,18 views,0,0
/questions/70949469/how-can-you-delete-a-response-using-survey-monkey-api,4 views,0,0
/questions/70947424/mongodb-run-in-on-an-array,21 views,1,1
/questions/48004063/shoulda-matchers-delegate-method-not-working,605 views,0,0
/questions/70949169/near-protocol-how-can-i-transfer-a-nfts-copy,37 views,-1,1
/questions/70840521/azure-blob-storage-sas-token-dose-not-expire-as-expected,69 views,0,1
/questions/70936322/trying-to-move-the-data-from-from-kafka-topic-to-mysql-db-using-jdbc-connector,20 views,0,0
/questions/70950852/delete-certificated-for-all-users,18 views,0,0
/questions/70941136/need-to-embed-vue-component-tags-inside-html-file,48 views,0,2
/questions/70950850/call-a-function-when-selecting-cancel-button-in-prompt-of-react-router,9 views,0,0
/questions/70947400/no-much-improvement-on-max-transaction-id-after-vacuum-full,14 views,1,1
/questions/55022511/updating-a-website-served-with-a-large-max-age,150 views,0,2
/questions/70950740/sorting-day-week-month-and-year,35 views,1,0
/questions/43963729/adding-default-widget-in-android-launcher,491 views,2,1
/questions/50053880/match-vue-js-routes-with-query-string-in-them,8k views,5,0
/questions/70950693/how-to-make-string-format-exception-in-py,25 views,0,2
/questions/68118022/spark-scala-convert-string-to-bigdecimal-11-2,79 views,0,0
/questions/15757263/find-a-string-by-searching-all-tables-in-sql-server,464k views,248,0
/questions/70950776/c-c-and-inline-assembly,43 views,1,0
/questions/70950566/issue-synchronizing-multiple-countdown-timers-with-python-tkinter,14 views,0,1
/questions/70949173/how-to-add-a-background-image-to-an-img-tag-and-switch-display-on-mouseover,28 views,1,2
/questions/70950836/what-is-wrong-with-my-mariadb-sql-syntax,9 views,-2,0
/questions/70921177/using-find-element-by-xpath-to-extract-img-alt-value-coming-up-empty,41 views,0,1
/questions/70950834/emotion-js-not-accessing-nth-child,9 views,0,0
/questions/70950833/how-can-i-create-a-swagger-yaml-contract-to-specify-an-end-going-that-always-ret,7 views,0,0
/questions/70933217/yocto-space-profiling-using-ksize,9 views,0,2
/questions/70941311/pytest-xdist-crashes-with-pytest-cov-error,12 views,0,0
/questions/58055761/spring-difference-between-method-with-transactionalpropagation-propagation-s,677 views,6,3
/questions/70919278/how-to-keep-the-reached-state-of-an-animate-css-animation,62 views,1,2
/questions/70866288/ajax-sending-data-to-backend-c-sharp-issue,35 views,0,2
/questions/41813108/warning-call-user-func-array-expects-parameter-1-to-be-a-valid-callback-no-a,9k views,1,5
/questions/70950564/data-retention-for-external-table-in-snowflake-using-s3-staging,10 views,0,1
/questions/70949886/observer-and-observable-got-deprecated-and-the-reason-stated-is-they-convey-som,46 views,1,0
/questions/70950475/how-to-extract-conent-between-html-tag-using-php,9 views,0,0
/questions/70669897/autolisp-routine-to-move-all-revclouds-to-a-specified-layer,33 views,-1,1
/questions/65680842/error-mongooseerror-operation-users-insertone-buffering-timed-out-after-1,20k views,13,0
/questions/70950819/easy-localization-in-dropdown-list-change-the-data,8 views,0,0
/questions/70873943/mtls-certificate-is-rejected-with-403-16,40 views,1,0
/questions/70950814/refreshing-page-data-due-to-server-side-changes-on-next-js,5 views,0,0
/questions/70950599/add-additional-script-into-my-existing-apps-script-function,17 views,0,0
/questions/67576959/enable-x509-certificate-user-authentication-in-keycloak-with-kubernetes,184 views,0,0
/questions/59386698/flutter-application-not-running,451 views,1,1
/questions/70950061/how-would-i-make-linear-gradient-colors-as-a-prop-in-a-flatlist,20 views,0,1
/questions/70949252/fyne-testing-how-do-i-test-dialogs,15 views,0,1
/questions/70950807/forwarding-error-logs-from-elasticsearch-to-slack,8 views,0,0
/questions/70950806/what-would-be-the-correct-method-to-obtain-the-link-that-i-cannot-find-on-this-p,7 views,-3,0
/questions/70939106/why-css-files-working-in-local-laravel-but-not-in-heroku,44 views,0,1
/questions/70950449/attributeerror-numpy-float64-object-has-no-attribute-split,26 views,0,2
/questions/68234210/validate-a-field-only-if-another-one-passes-validation-in-laravel-8,443 views,2,2
/questions/70942753/set-up-authentication-in-net-core-using-ws-federation,21 views,0,1
/questions/70950804/c-nana-createcompatibledc-failed-what-is-reason,10 views,-1,0
/questions/70935412/how-to-pass-additional-parameter-in-kendo-multi-select,17 views,0,0
/questions/55620649/kdb-equivalent-of-sqls-rank-and-dense-rank,358 views,1,3
/questions/70942476/how-to-send-mails-to-a-segment-of-a-list-using-new-campaign-api-sendgrid-c,24 views,0,0
/questions/70950741/i-have-cuda-get-device-failed-when-loading-model-to-streamlit,9 views,0,0
/questions/70953502/scale-angular-material-website-on-android,4 views,0,0
/questions/70201220/python-recursionerror-raised-requests-2-26-and-firebase-5-1,18 views,0,1
/questions/70953500/github-actions-branch-filter-could-not-use-release-preffix-on-push-workflow,3 views,0,0
/questions/70953497/how-to-decode-a-transaction-find-all-transaction-details-of-a-token-swap-on-et,8 views,0,0
/questions/70944429/why-is-my-program-panicking-although-the-datatype-is-same,66 views,-1,1
/questions/70953495/switch-endpoint-responses-based-on-condition,8 views,0,0
/questions/70875827/asp-net-core-return-values-from-the-controller-and-put-the-values-into-the-in,29 views,0,2
/questions/70951184/how-to-merge-a-specific-file-from-one-branch-to-master,23 views,0,2
/questions/44742681/how-to-execute-cucumber-hooks-in-java-placed-in-different-class-other-than-step,2k views,1,0
/questions/70949840/im-trying-to-build-an-ios-app-that-pulls-certain-notes-from-the-notes-app-based,18 views,0,1
/questions/70953491/in-ef-core-connection-string-to-one-of-several-local-databases-on-sql-server-de,5 views,0,0
/questions/70930453/put-legend-outside-the-figure-so-it-will-not-affect-the-basic-figure-size,30 views,1,1
/questions/70943315/selenium-webdriver-chrome-hangs-in-python-works-via-command-line,14 views,0,0
/questions/70953489/error-in-forecast-and-accuracy-function-in-r,12 views,0,0
/questions/70950370/facial-recognition-project-exit-code-132-error-does-anybody-know-what-might-be,25 views,0,1
/questions/70953215/show-snackbar-reactively-using-getx-in-flutter,9 views,0,1
/questions/70953487/connection-refused-error-when-trying-to-communicate-between-two-virtualbox-machi,6 views,0,0
/questions/70953458/nptdms-tdmsfile-object-not-subscriptable,11 views,0,0
/questions/67766247/null-propagating-function-type-annotation,58 views,1,0
/questions/70953483/how-do-i-copy-my-transpose-data-with-the-cells-fill-color-together,8 views,0,0
/questions/70952238/how-to-detect-if-there-is-little-to-no-change-in-time-series-data,24 views,1,1
/questions/70953480/facing-deadlinetimeoutexception-while-using-apache-httpclient-with-spring-webcli,6 views,0,0
/questions/70952751/can-i-add-custom-attributes-to-components-in-preferences-xml-without-making-cust,13 views,0,0
/questions/70947821/publish-final-jar-file-in-artifactory-using-gradle,16 views,0,1
/questions/70953261/twilio-live-streams-only-one-members-video-stream,13 views,0,0
/questions/70494957/converting-private-route-with-props-from-react-router-v5-to-react-router-v6,73 views,1,0
/questions/70952952/loosing-connection-to-sql-server-from-express-js-api,14 views,1,1
/questions/70953462/date-field-is-not-getting-saved-in-the-admin-database,6 views,1,1
/questions/37813568/git-remote-repository-not-found,502k views,241,49
/questions/70952758/git-merge-feature-branch-to-master-branch-after-squashing-commits,17 views,0,1
/questions/70953474/how-to-create-toggle-react-native-camera-torch-on-off,6 views,0,0
/questions/70952895/timestamp-of-yesterday-at-specific-hour-bigquery,8 views,0,1
/questions/70946235/r-shiny-encrypting-dataframe-on-server,15 views,0,0
/questions/70951075/postgres-cannot-create-database-but-can-create-a-user,26 views,0,0
/questions/70953160/insert-into-dependent-on-if-statment,19 views,0,1
/questions/70095682/showing-push-notifications-while-using-airplay-on-ios,58 views,1,0
/questions/47204267/select-dropdown-in-react-with-html-in-dropdowns,302 views,0,1
/questions/70940656/how-to-get-string-from-array-while-using-axios,23 views,0,0
/questions/70953467/how-to-display-different-font-family-to-the-same-font-in-output-of-tinymce,6 views,0,0
/questions/70797995/python-how-to-use-user-input-for-login-information-prompt,48 views,0,0
/questions/70721080/selenium-python-how-to-wait-for-div-to-appear-do-stuff-then-wait-again-and-so,26 views,1,0
/questions/70953466/unique-url-i-came-across-and-cant-understand-how-it-works,5 views,0,0
/questions/70952877/one-to-many-relationship-foreign-key-count,15 views,0,0
/questions/4910077/select-all-child-elements-recursively-in-css,640k views,470,0
/questions/70952203/angular-ngfor-display-only-unique-property-category-value-and-lowest-price-i,27 views,-1,0
/questions/70950989/why-does-callback-to-the-event-listener-work-as-intended-while-using-the-useeffe,22 views,0,1
/questions/70732831/creating-a-box-that-moves-accross-the-screen-in-phaser-3,27 views,1,0
/questions/70953461/issues-in-accessing-onedrive-business-using-microsoft-graph-api,5 views,0,0
/questions/70953460/sso-for-cross-domain-authentication,12 views,0,0
/questions/70953049/question-about-an-existing-code-on-certain-problem,25 views,0,0